index	name
1	gm-triangle-0001
2	gm-triangle-0002
3	gm-triangle-0003
4	gm-triangle-0004
5	gm-triangle-0005
6	gm-triangle-0006
7	gm-triangle-0007
8	gm-triangle-0008
9	gm-triangle-0009
10	gm-triangle-0010
11	gm-triangle-0011
12	gm-triangle-0012
13	gm-triangle-0013
14	gm-triangle-0014
15	gm-triangle-0015
16	gm-triangle-0016
17	gm-triangle-0017
18	gm-triangle-0018
19	gm-triangle-0019
20	gm-triangle-0020
21	gm-triangle-0021
22	gm-triangle-0022
23	gm-triangle-0023
24	gm-triangle-0024
25	gm-triangle-0025
26	gm-triangle-0026
27	gm-triangle-0027
28	gm-triangle-0028
29	gm-triangle-0029
30	gm-triangle-0030
31	gm-triangle-0031
32	gm-triangle-0032
33	gm-triangle-0033
34	gm-triangle-0034
35	gm-triangle-0035
36	gm-triangle-0036
37	gm-triangle-0037
38	gm-triangle-0038
39	gm-triangle-0039
40	gm-triangle-0040
41	gm-triangle-0041
42	gm-triangle-0042
43	gm-triangle-0043
44	gm-triangle-0044
45	gm-triangle-0045
46	gm-triangle-0046
47	gm-triangle-0047
48	gm-triangle-0048
49	gm-triangle-0049
50	gm-triangle-0050
51	gm-triangle-0051
52	gm-triangle-0052
53	gm-triangle-0053
54	gm-triangle-0054
55	gm-triangle-0055
56	gm-triangle-0056
57	gm-triangle-0057
58	gm-triangle-0058
59	gm-triangle-0059
60	gm-triangle-0060
61	gm-triangle-0061
62	gm-triangle-0062
63	gm-triangle-0063
64	gm-triangle-0064
65	gm-triangle-0065
66	gm-triangle-0066
67	gm-triangle-0067
68	gm-triangle-0068
69	gm-triangle-0069
70	gm-triangle-0070
71	gm-triangle-0071
72	gm-triangle-0072
73	gm-triangle-0073
74	gm-triangle-0074
75	gm-triangle-0075
76	gm-triangle-0076
77	gm-triangle-0077
78	gm-triangle-0078
79	gm-triangle-0079
80	gm-triangle-0080
81	gm-triangle-0081
82	gm-triangle-0082
83	gm-triangle-0083
84	gm-triangle-0084
85	gm-triangle-0085
86	gm-triangle-0086
87	gm-triangle-0087
88	gm-triangle-0088
89	gm-triangle-0089
90	gm-triangle-0090
91	gm-triangle-0091
92	gm-triangle-0092
93	gm-triangle-0093
94	gm-triangle-0094
95	gm-triangle-0095
96	gm-triangle-0096
97	gm-triangle-0097
98	gm-triangle-0098
99	gm-triangle-0099
100	gm-triangle-0100
101	gm-triangle-0101
102	gm-triangle-0102
103	gm-triangle-0103
104	gm-triangle-0104
105	gm-triangle-0105
106	gm-triangle-0106
107	gm-triangle-0107
108	gm-triangle-0108
109	gm-triangle-0109
110	gm-triangle-0110
111	gm-triangle-0111
112	gm-triangle-0112
113	gm-triangle-0113
114	gm-triangle-0114
115	gm-triangle-0115
116	gm-triangle-0116
117	gm-triangle-0117
118	gm-triangle-0118
119	gm-triangle-0119
120	gm-triangle-0120
121	gm-triangle-0121
122	gm-triangle-0122
123	gm-triangle-0123
124	gm-triangle-0124
125	gm-triangle-0125
126	gm-triangle-0126
127	gm-triangle-0127
128	gm-triangle-0128
129	gm-triangle-0129
130	gm-triangle-0130
131	gm-triangle-0131
132	gm-triangle-0132
133	gm-triangle-0133
134	gm-triangle-0134
135	gm-triangle-0135
136	gm-triangle-0136
137	gm-triangle-0137
138	gm-triangle-0138
139	gm-triangle-0139
140	gm-triangle-0140
141	gm-triangle-0141
142	gm-triangle-0142
143	gm-triangle-0143
144	gm-triangle-0144
145	gm-triangle-0145
146	gm-triangle-0146
147	gm-triangle-0147
148	gm-triangle-0148
149	gm-triangle-0149
150	gm-triangle-0150
151	gm-triangle-0151
152	gm-triangle-0152
153	gm-triangle-0153
154	gm-triangle-0154
155	gm-triangle-0155
156	gm-triangle-0156
157	gm-triangle-0157
158	gm-triangle-0158
159	gm-triangle-0159
160	gm-triangle-0160
161	gm-triangle-0161
162	gm-triangle-0162
163	gm-triangle-0163
164	gm-triangle-0164
165	gm-triangle-0165
166	gm-triangle-0166
167	gm-triangle-0167
168	gm-triangle-0168
169	gm-triangle-0169
170	gm-triangle-0170
171	gm-triangle-0171
172	gm-triangle-0172
173	gm-triangle-0173
174	gm-triangle-0174
175	gm-triangle-0175
176	gm-triangle-0176
177	gm-triangle-0177
178	gm-triangle-0178
179	gm-triangle-0179
180	gm-triangle-0180
181	gm-triangle-0181
182	gm-triangle-0182
183	gm-triangle-0183
184	gm-triangle-0184
185	gm-triangle-0185
186	gm-triangle-0186
187	gm-triangle-0187
188	gm-triangle-0188
189	gm-triangle-0189
190	gm-triangle-0190
191	gm-triangle-0191
192	gm-triangle-0192
193	gm-triangle-0193
194	gm-triangle-0194
195	gm-triangle-0195
196	gm-triangle-0196
197	gm-triangle-0197
198	gm-triangle-0198
199	gm-triangle-0199
200	gm-triangle-0200
201	gm-triangle-0201
202	gm-triangle-0202
203	gm-triangle-0203
204	gm-triangle-0204
205	gm-triangle-0205
206	gm-triangle-0206
207	gm-triangle-0207
208	gm-triangle-0208
209	gm-triangle-0209
210	gm-triangle-0210
211	gm-triangle-0211
212	gm-triangle-0212
213	gm-triangle-0213
214	gm-triangle-0214
215	gm-triangle-0215
216	gm-triangle-0216
217	gm-triangle-0217
218	gm-triangle-0218
219	gm-triangle-0219
220	gm-triangle-0220
221	gm-triangle-0221
222	gm-triangle-0222
223	gm-triangle-0223
224	gm-triangle-0224
225	gm-triangle-0225
226	gm-triangle-0226
227	gm-triangle-0227
228	gm-triangle-0228
229	gm-triangle-0229
230	gm-triangle-0230
231	gm-triangle-0231
232	gm-triangle-0232
233	gm-triangle-0233
234	gm-triangle-0234
235	gm-triangle-0235
236	gm-triangle-0236
237	gm-triangle-0237
238	gm-triangle-0238
239	gm-triangle-0239
240	gm-triangle-0240
241	gm-triangle-0241
242	gm-triangle-0242
243	gm-triangle-0243
244	gm-triangle-0244
245	gm-triangle-0245
246	gm-triangle-0246
247	gm-triangle-0247
248	gm-triangle-0248
249	gm-triangle-0249
250	gm-triangle-0250
251	gm-triangle-0251
252	gm-triangle-0252
253	gm-triangle-0253
254	gm-triangle-0254
255	gm-triangle-0255
256	gm-triangle-0256
257	gm-triangle-0257
258	gm-triangle-0258
259	gm-triangle-0259
260	gm-triangle-0260
261	gm-triangle-0261
262	gm-triangle-0262
263	gm-triangle-0263
264	gm-triangle-0264
265	gm-triangle-0265
266	gm-triangle-0266
267	gm-triangle-0267
268	gm-triangle-0268
269	gm-triangle-0269
270	gm-triangle-0270
271	gm-triangle-0271
272	gm-triangle-0272
273	gm-triangle-0273
274	gm-triangle-0274
275	gm-triangle-0275
276	gm-triangle-0276
277	gm-triangle-0277
278	gm-triangle-0278
279	gm-triangle-0279
280	gm-triangle-0280
281	gm-triangle-0281
282	gm-triangle-0282
283	gm-triangle-0283
284	gm-triangle-0284
285	gm-triangle-0285
286	gm-triangle-0286
287	gm-triangle-0287
288	gm-triangle-0288
289	gm-triangle-0289
290	gm-triangle-0290
291	gm-triangle-0291
292	gm-triangle-0292
293	gm-triangle-0293
294	gm-triangle-0294
295	gm-triangle-0295
296	gm-triangle-0296
297	gm-triangle-0297
298	gm-triangle-0298
299	gm-triangle-0299
300	gm-triangle-0300
301	gm-triangle-0301
302	gm-triangle-0302
303	gm-triangle-0303
304	gm-triangle-0304
305	gm-triangle-0305
306	gm-triangle-0306
307	gm-triangle-0307
308	gm-triangle-0308
309	gm-triangle-0309
310	gm-triangle-0310
311	gm-triangle-0311
312	gm-triangle-0312
313	gm-triangle-0313
314	gm-triangle-0314
315	gm-triangle-0315
316	gm-triangle-0316
317	gm-triangle-0317
318	gm-triangle-0318
319	gm-triangle-0319
320	gm-triangle-0320
321	gm-triangle-0321
322	gm-triangle-0322
323	gm-triangle-0323
324	gm-triangle-0324
325	gm-triangle-0325
326	gm-triangle-0326
327	gm-triangle-0327
328	gm-triangle-0328
329	gm-triangle-0329
330	gm-triangle-0330
331	gm-triangle-0331
332	gm-triangle-0332
333	gm-triangle-0333
334	gm-triangle-0334
335	gm-triangle-0335
336	gm-triangle-0336
337	gm-triangle-0337
338	gm-triangle-0338
339	gm-triangle-0339
340	gm-triangle-0340
341	gm-triangle-0341
342	gm-triangle-0342
343	gm-triangle-0343
344	gm-triangle-0344
345	gm-triangle-0345
346	gm-triangle-0346
347	gm-triangle-0347
348	gm-triangle-0348
349	gm-triangle-0349
350	gm-triangle-0350
351	gm-triangle-0351
352	gm-triangle-0352
353	gm-triangle-0353
354	gm-triangle-0354
355	gm-triangle-0355
356	gm-triangle-0356
357	gm-triangle-0357
358	gm-triangle-0358
359	gm-triangle-0359
360	gm-triangle-0360
361	gm-triangle-0361
362	gm-triangle-0362
363	gm-triangle-0363
364	gm-triangle-0364
365	gm-triangle-0365
366	gm-triangle-0366
367	gm-triangle-0367
368	gm-triangle-0368
369	gm-triangle-0369
370	gm-triangle-0370
371	gm-triangle-0371
372	gm-triangle-0372
373	gm-triangle-0373
374	gm-triangle-0374
375	gm-triangle-0375
376	gm-triangle-0376
377	gm-triangle-0377
378	gm-triangle-0378
379	gm-triangle-0379
380	gm-triangle-0380
381	gm-triangle-0381
382	gm-triangle-0382
383	gm-triangle-0383
384	gm-triangle-0384
385	gm-triangle-0385
386	gm-triangle-0386
387	gm-triangle-0387
388	gm-triangle-0388
389	gm-triangle-0389
390	gm-triangle-0390
391	gm-triangle-0391
392	gm-triangle-0392
393	gm-triangle-0393
394	gm-triangle-0394
395	gm-triangle-0395
396	gm-triangle-0396
397	gm-triangle-0397
398	gm-triangle-0398
399	gm-triangle-0399
400	gm-triangle-0400
401	gm-triangle-0401
402	gm-triangle-0402
403	gm-triangle-0403
404	gm-triangle-0404
405	gm-triangle-0405
406	gm-triangle-0406
407	gm-triangle-0407
408	gm-triangle-0408
409	gm-triangle-0409
410	gm-triangle-0410
411	gm-triangle-0411
412	gm-triangle-0412
413	gm-triangle-0413
414	gm-triangle-0414
415	gm-triangle-0415
416	gm-triangle-0416
417	gm-triangle-0417
418	gm-triangle-0418
419	gm-triangle-0419
420	gm-triangle-0420
421	gm-triangle-0421
422	gm-triangle-0422
423	gm-triangle-0423
424	gm-triangle-0424
425	gm-triangle-0425
426	gm-triangle-0426
427	gm-triangle-0427
428	gm-triangle-0428
429	gm-triangle-0429
430	gm-triangle-0430
431	gm-triangle-0431
432	gm-triangle-0432
433	gm-triangle-0433
434	gm-triangle-0434
435	gm-triangle-0435
436	gm-triangle-0436
437	gm-triangle-0437
438	gm-triangle-0438
439	gm-triangle-0439
440	gm-triangle-0440
441	gm-triangle-0441
442	gm-triangle-0442
443	gm-triangle-0443
444	gm-triangle-0444
445	gm-triangle-0445
446	gm-triangle-0446
447	gm-triangle-0447
448	gm-triangle-0448
449	gm-triangle-0449
450	gm-triangle-0450
451	gm-triangle-0451
452	gm-triangle-0452
453	gm-triangle-0453
454	gm-triangle-0454
455	gm-triangle-0455
456	gm-triangle-0456
457	gm-triangle-0457
458	gm-triangle-0458
459	gm-triangle-0459
460	gm-triangle-0460
461	gm-triangle-0461
462	gm-triangle-0462
463	gm-triangle-0463
464	gm-triangle-0464
465	gm-triangle-0465
466	gm-triangle-0466
467	gm-triangle-0467
468	gm-triangle-0468
469	gm-triangle-0469
470	gm-triangle-0470
471	gm-triangle-0471
472	gm-triangle-0472
473	gm-triangle-0473
474	gm-triangle-0474
475	gm-triangle-0475
476	gm-triangle-0476
477	gm-triangle-0477
478	gm-triangle-0478
479	gm-triangle-0479
480	gm-triangle-0480
481	gm-triangle-0481
482	gm-triangle-0482
483	gm-triangle-0483
484	gm-triangle-0484
485	gm-triangle-0485
486	gm-triangle-0486
487	gm-triangle-0487
488	gm-triangle-0488
489	gm-triangle-0489
490	gm-triangle-0490
491	gm-triangle-0491
492	gm-triangle-0492
493	gm-triangle-0493
494	gm-triangle-0494
495	gm-triangle-0495
496	gm-triangle-0496
497	gm-triangle-0497
498	gm-triangle-0498
499	gm-triangle-0499
500	gm-triangle-0500
501	gm-triangle-0501
502	gm-triangle-0502
503	gm-triangle-0503
504	gm-triangle-0504
505	gm-triangle-0505
506	gm-triangle-0506
507	gm-triangle-0507
508	gm-triangle-0508
509	gm-triangle-0509
510	gm-triangle-0510
511	gm-triangle-0511
512	gm-triangle-0512
513	gm-triangle-0513
514	gm-triangle-0514
515	gm-triangle-0515
516	gm-triangle-0516
517	gm-triangle-0517
518	gm-triangle-0518
519	gm-triangle-0519
520	gm-triangle-0520
521	gm-triangle-0521
522	gm-triangle-0522
523	gm-triangle-0523
524	gm-triangle-0524
525	gm-triangle-0525
526	gm-triangle-0526
527	gm-triangle-0527
528	gm-triangle-0528
529	gm-triangle-0529
530	gm-triangle-0530
531	gm-triangle-0531
532	gm-triangle-0532
533	gm-triangle-0533
534	gm-triangle-0534
535	gm-triangle-0535
536	gm-triangle-0536
537	gm-triangle-0537
538	gm-triangle-0538
539	gm-triangle-0539
540	gm-triangle-0540
541	gm-triangle-0541
542	gm-triangle-0542
543	gm-triangle-0543
544	gm-triangle-0544
545	gm-triangle-0545
546	gm-triangle-0546
547	gm-triangle-0547
548	gm-triangle-0548
549	gm-triangle-0549
550	gm-triangle-0550
551	gm-triangle-0551
552	gm-triangle-0552
553	gm-triangle-0553
554	gm-triangle-0554
555	gm-triangle-0555
556	gm-triangle-0556
557	gm-triangle-0557
558	gm-triangle-0558
559	gm-triangle-0559
560	gm-triangle-0560
561	gm-triangle-0561
562	gm-triangle-0562
563	gm-triangle-0563
564	gm-triangle-0564
565	gm-triangle-0565
566	gm-triangle-0566
567	gm-triangle-0567
568	gm-triangle-0568
569	gm-triangle-0569
570	gm-triangle-0570
571	gm-triangle-0571
572	gm-triangle-0572
573	gm-triangle-0573
574	gm-triangle-0574
575	gm-triangle-0575
576	gm-triangle-0576
577	gm-triangle-0577
578	gm-triangle-0578
579	gm-triangle-0579
580	gm-triangle-0580
581	gm-triangle-0581
582	gm-triangle-0582
583	gm-triangle-0583
584	gm-triangle-0584
585	gm-triangle-0585
586	gm-triangle-0586
587	gm-triangle-0587
588	gm-triangle-0588
589	gm-triangle-0589
590	gm-triangle-0590
591	gm-triangle-0591
592	gm-triangle-0592
593	gm-triangle-0593
594	gm-triangle-0594
595	gm-triangle-0595
596	gm-triangle-0596
597	gm-triangle-0597
598	gm-triangle-0598
599	gm-triangle-0599
600	gm-triangle-0600
601	gm-triangle-0601
602	gm-triangle-0602
603	gm-triangle-0603
604	gm-triangle-0604
605	gm-triangle-0605
606	gm-triangle-0606
607	gm-triangle-0607
608	gm-triangle-0608
609	gm-triangle-0609
610	gm-triangle-0610
611	gm-triangle-0611
612	gm-triangle-0612
613	gm-triangle-0613
614	gm-triangle-0614
615	gm-triangle-0615
616	gm-triangle-0616
617	gm-triangle-0617
618	gm-triangle-0618
619	gm-triangle-0619
620	gm-triangle-0620
621	gm-triangle-0621
622	gm-triangle-0622
623	gm-triangle-0623
624	gm-triangle-0624
625	gm-triangle-0625
626	gm-triangle-0626
627	gm-triangle-0627
628	gm-triangle-0628
629	gm-triangle-0629
630	gm-triangle-0630
631	gm-triangle-0631
632	gm-triangle-0632
633	gm-triangle-0633
634	gm-triangle-0634
635	gm-triangle-0635
636	gm-triangle-0636
637	gm-triangle-0637
638	gm-triangle-0638
639	gm-triangle-0639
640	gm-triangle-0640
641	gm-triangle-0641
642	gm-triangle-0642
643	gm-triangle-0643
644	gm-triangle-0644
645	gm-triangle-0645
646	gm-triangle-0646
647	gm-triangle-0647
648	gm-triangle-0648
649	gm-triangle-0649
650	gm-triangle-0650
651	gm-triangle-0651
652	gm-triangle-0652
653	gm-triangle-0653
654	gm-triangle-0654
655	gm-triangle-0655
656	gm-triangle-0656
657	gm-triangle-0657
658	gm-triangle-0658
659	gm-triangle-0659
660	gm-triangle-0660
661	gm-triangle-0661
662	gm-triangle-0662
663	gm-triangle-0663
664	gm-triangle-0664
665	gm-triangle-0665
666	gm-triangle-0666
667	gm-triangle-0667
668	gm-triangle-0668
669	gm-triangle-0669
670	gm-triangle-0670
671	gm-triangle-0671
672	gm-triangle-0672
673	gm-triangle-0673
674	gm-triangle-0674
675	gm-triangle-0675
676	gm-triangle-0676
677	gm-triangle-0677
678	gm-triangle-0678
679	gm-triangle-0679
680	gm-triangle-0680
681	gm-triangle-0681
682	gm-triangle-0682
683	gm-triangle-0683
684	gm-triangle-0684
685	gm-triangle-0685
686	gm-triangle-0686
687	gm-triangle-0687
688	gm-triangle-0688
689	gm-triangle-0689
690	gm-triangle-0690
691	gm-triangle-0691
692	gm-triangle-0692
693	gm-triangle-0693
694	gm-triangle-0694
695	gm-triangle-0695
696	gm-triangle-0696
697	gm-triangle-0697
698	gm-triangle-0698
699	gm-triangle-0699
700	gm-triangle-0700
701	gm-triangle-0701
702	gm-triangle-0702
703	gm-triangle-0703
704	gm-triangle-0704
705	gm-triangle-0705
706	gm-triangle-0706
707	gm-triangle-0707
708	gm-triangle-0708
709	gm-triangle-0709
710	gm-triangle-0710
711	gm-triangle-0711
712	gm-triangle-0712
713	gm-triangle-0713
714	gm-triangle-0714
715	gm-triangle-0715
716	gm-triangle-0716
717	gm-triangle-0717
718	gm-triangle-0718
719	gm-triangle-0719
720	gm-triangle-0720
721	gm-triangle-0721
722	gm-triangle-0722
723	gm-triangle-0723
724	gm-triangle-0724
725	gm-triangle-0725
726	gm-triangle-0726
727	gm-triangle-0727
728	gm-triangle-0728
729	gm-triangle-0729
730	gm-triangle-0730
731	gm-triangle-0731
732	gm-triangle-0732
733	gm-triangle-0733
734	gm-triangle-0734
735	gm-triangle-0735
736	gm-triangle-0736
737	gm-triangle-0737
738	gm-triangle-0738
739	gm-triangle-0739
740	gm-triangle-0740
741	gm-triangle-0741
742	gm-triangle-0742
743	gm-triangle-0743
744	gm-triangle-0744
745	gm-triangle-0745
746	gm-triangle-0746
747	gm-triangle-0747
748	gm-triangle-0748
749	gm-triangle-0749
750	gm-triangle-0750
751	gm-triangle-0751
752	gm-triangle-0752
753	gm-triangle-0753
754	gm-triangle-0754
755	gm-triangle-0755
756	gm-triangle-0756
757	gm-triangle-0757
758	gm-triangle-0758
759	gm-triangle-0759
760	gm-triangle-0760
761	gm-triangle-0761
762	gm-triangle-0762
763	gm-triangle-0763
764	gm-triangle-0764
765	gm-triangle-0765
766	gm-triangle-0766
767	gm-triangle-0767
768	gm-triangle-0768
769	gm-triangle-0769
770	gm-triangle-0770
771	gm-triangle-0771
772	gm-triangle-0772
773	gm-triangle-0773
774	gm-triangle-0774
775	gm-triangle-0775
776	gm-triangle-0776
777	gm-triangle-0777
778	gm-triangle-0778
779	gm-triangle-0779
780	gm-triangle-0780
781	gm-triangle-0781
782	gm-triangle-0782
783	gm-triangle-0783
784	gm-triangle-0784
785	gm-triangle-0785
786	gm-triangle-0786
787	gm-triangle-0787
788	gm-triangle-0788
789	gm-triangle-0789
790	gm-triangle-0790
791	gm-triangle-0791
792	gm-triangle-0792
793	gm-triangle-0793
794	gm-triangle-0794
795	gm-triangle-0795
796	gm-triangle-0796
797	gm-triangle-0797
798	gm-triangle-0798
799	gm-triangle-0799
800	gm-triangle-0800
801	gm-triangle-0801
802	gm-triangle-0802
803	gm-triangle-0803
804	gm-triangle-0804
805	gm-triangle-0805
806	gm-triangle-0806
807	gm-triangle-0807
808	gm-triangle-0808
809	gm-triangle-0809
810	gm-triangle-0810
811	gm-triangle-0811
812	gm-triangle-0812
813	gm-triangle-0813
814	gm-triangle-0814
815	gm-triangle-0815
816	gm-triangle-0816
817	gm-triangle-0817
818	gm-triangle-0818
819	gm-triangle-0819
820	gm-triangle-0820
821	gm-triangle-0821
822	gm-triangle-0822
823	gm-triangle-0823
824	gm-triangle-0824
825	gm-triangle-0825
826	gm-triangle-0826
827	gm-triangle-0827
828	gm-triangle-0828
829	gm-triangle-0829
830	gm-triangle-0830
831	gm-triangle-0831
832	gm-triangle-0832
833	gm-triangle-0833
834	gm-triangle-0834
835	gm-triangle-0835
836	gm-triangle-0836
837	gm-triangle-0837
838	gm-triangle-0838
839	gm-triangle-0839
840	gm-triangle-0840
841	gm-triangle-0841
842	gm-triangle-0842
843	gm-triangle-0843
844	gm-triangle-0844
845	gm-triangle-0845
846	gm-triangle-0846
847	gm-triangle-0847
848	gm-triangle-0848
849	gm-triangle-0849
850	gm-triangle-0850
851	gm-triangle-0851
852	gm-triangle-0852
853	gm-triangle-0853
854	gm-triangle-0854
855	gm-triangle-0855
856	gm-triangle-0856
857	gm-triangle-0857
858	gm-triangle-0858
859	gm-triangle-0859
860	gm-triangle-0860
861	gm-triangle-0861
862	gm-triangle-0862
863	gm-triangle-0863
864	gm-triangle-0864
865	gm-triangle-0865
866	gm-triangle-0866
867	gm-triangle-0867
868	gm-triangle-0868
869	gm-triangle-0869
870	gm-triangle-0870
871	gm-triangle-0871
872	gm-triangle-0872
873	gm-triangle-0873
874	gm-triangle-0874
875	gm-triangle-0875
876	gm-triangle-0876
877	gm-triangle-0877
878	gm-triangle-0878
879	gm-triangle-0879
880	gm-triangle-0880
881	gm-triangle-0881
882	gm-triangle-0882
883	gm-triangle-0883
884	gm-triangle-0884
885	gm-triangle-0885
886	gm-triangle-0886
887	gm-triangle-0887
888	gm-triangle-0888
889	gm-triangle-0889
890	gm-triangle-0890
891	gm-triangle-0891
892	gm-triangle-0892
893	gm-triangle-0893
894	gm-triangle-0894
895	gm-triangle-0895
896	gm-triangle-0896
897	gm-triangle-0897
898	gm-triangle-0898
899	gm-triangle-0899
900	gm-triangle-0900
901	gm-triangle-0901
902	gm-triangle-0902
903	gm-triangle-0903
904	gm-triangle-0904
905	gm-triangle-0905
906	gm-triangle-0906
907	gm-triangle-0907
908	gm-triangle-0908
909	gm-triangle-0909
910	gm-triangle-0910
911	gm-triangle-0911
912	gm-triangle-0912
913	gm-triangle-0913
914	gm-triangle-0914
915	gm-triangle-0915
916	gm-triangle-0916
917	gm-triangle-0917
918	gm-triangle-0918
919	gm-triangle-0919
920	gm-triangle-0920
921	gm-triangle-0921
922	gm-triangle-0922
923	gm-triangle-0923
924	gm-triangle-0924
925	gm-triangle-0925
926	gm-triangle-0926
927	gm-triangle-0927
928	gm-triangle-0928
929	gm-triangle-0929
930	gm-triangle-0930
931	gm-triangle-0931
932	gm-triangle-0932
933	gm-triangle-0933
934	gm-triangle-0934
935	gm-triangle-0935
936	gm-triangle-0936
937	gm-triangle-0937
938	gm-triangle-0938
939	gm-triangle-0939
940	gm-triangle-0940
941	gm-triangle-0941
942	gm-triangle-0942
943	gm-triangle-0943
944	gm-triangle-0944
945	gm-triangle-0945
946	gm-triangle-0946
947	gm-triangle-0947
948	gm-triangle-0948
949	gm-triangle-0949
950	gm-triangle-0950
951	gm-triangle-0951
952	gm-triangle-0952
953	gm-triangle-0953
954	gm-triangle-0954
955	gm-triangle-0955
956	gm-triangle-0956
957	gm-triangle-0957
958	gm-triangle-0958
959	gm-triangle-0959
960	gm-triangle-0960
961	gm-triangle-0961
962	gm-triangle-0962
963	gm-triangle-0963
964	gm-triangle-0964
965	gm-triangle-0965
966	gm-triangle-0966
967	gm-triangle-0967
968	gm-triangle-0968
969	gm-triangle-0969
970	gm-triangle-0970
971	gm-triangle-0971
972	gm-triangle-0972
973	gm-triangle-0973
974	gm-triangle-0974
975	gm-triangle-0975
976	gm-triangle-0976
977	gm-triangle-0977
978	gm-triangle-0978
979	gm-triangle-0979
980	gm-triangle-0980
981	gm-triangle-0981
982	gm-triangle-0982
983	gm-triangle-0983
984	gm-triangle-0984
985	gm-triangle-0985
986	gm-triangle-0986
987	gm-triangle-0987
988	gm-triangle-0988
989	gm-triangle-0989
990	gm-triangle-0990
991	gm-triangle-0991
992	gm-triangle-0992
993	gm-triangle-0993
994	gm-triangle-0994
995	gm-triangle-0995
996	gm-triangle-0996
997	gm-triangle-0997
998	gm-triangle-0998
999	gm-triangle-0999
1000	gm-triangle-1000
1001	gm-triangle-1001
1002	gm-triangle-1002
1003	gm-triangle-1003
1004	gm-triangle-1004
1005	gm-triangle-1005
1006	gm-triangle-1006
1007	gm-triangle-1007
1008	gm-triangle-1008
1009	gm-triangle-1009
1010	gm-triangle-1010
1011	gm-triangle-1011
1012	gm-triangle-1012
1013	gm-triangle-1013
1014	gm-triangle-1014
1015	gm-triangle-1015
1016	gm-triangle-1016
1017	gm-triangle-1017
1018	gm-triangle-1018
1019	gm-triangle-1019
1020	gm-triangle-1020
1021	gm-triangle-1021
1022	gm-triangle-1022
1023	gm-triangle-1023
1024	gm-triangle-1024
1025	gm-triangle-1025
1026	gm-triangle-1026
1027	gm-triangle-1027
1028	gm-triangle-1028
1029	gm-triangle-1029
1030	gm-triangle-1030
1031	gm-triangle-1031
1032	gm-triangle-1032
1033	gm-triangle-1033
1034	gm-triangle-1034
1035	gm-triangle-1035
1036	gm-triangle-1036
1037	gm-triangle-1037
1038	gm-triangle-1038
1039	gm-triangle-1039
1040	gm-triangle-1040
1041	gm-triangle-1041
1042	gm-triangle-1042
1043	gm-triangle-1043
1044	gm-triangle-1044
1045	gm-triangle-1045
1046	gm-triangle-1046
1047	gm-triangle-1047
1048	gm-triangle-1048
1049	gm-triangle-1049
1050	gm-triangle-1050
1051	gm-triangle-1051
1052	gm-triangle-1052
1053	gm-triangle-1053
1054	gm-triangle-1054
1055	gm-triangle-1055
1056	gm-triangle-1056
1057	gm-triangle-1057
1058	gm-triangle-1058
1059	gm-triangle-1059
1060	gm-triangle-1060
1061	gm-triangle-1061
1062	gm-triangle-1062
1063	gm-triangle-1063
1064	gm-triangle-1064
1065	gm-triangle-1065
1066	gm-triangle-1066
1067	gm-triangle-1067
1068	gm-triangle-1068
1069	gm-triangle-1069
1070	gm-triangle-1070
1071	gm-triangle-1071
1072	gm-triangle-1072
1073	gm-triangle-1073
1074	gm-triangle-1074
1075	gm-triangle-1075
1076	gm-triangle-1076
1077	gm-triangle-1077
1078	gm-triangle-1078
1079	gm-triangle-1079
1080	gm-triangle-1080
1081	gm-triangle-1081
1082	gm-triangle-1082
1083	gm-triangle-1083
1084	gm-triangle-1084
1085	gm-triangle-1085
1086	gm-triangle-1086
1087	gm-triangle-1087
1088	gm-triangle-1088
1089	gm-triangle-1089
1090	gm-triangle-1090
1091	gm-triangle-1091
1092	gm-triangle-1092
1093	gm-triangle-1093
1094	gm-triangle-1094
1095	gm-triangle-1095
1096	gm-triangle-1096
1097	gm-triangle-1097
1098	gm-triangle-1098
1099	gm-triangle-1099
1100	gm-triangle-1100
1101	gm-triangle-1101
1102	gm-triangle-1102
1103	gm-triangle-1103
1104	gm-triangle-1104
1105	gm-triangle-1105
1106	gm-triangle-1106
1107	gm-triangle-1107
1108	gm-triangle-1108
1109	gm-triangle-1109
1110	gm-triangle-1110
1111	gm-triangle-1111
1112	gm-triangle-1112
1113	gm-triangle-1113
1114	gm-triangle-1114
1115	gm-triangle-1115
1116	gm-triangle-1116
1117	gm-triangle-1117
1118	gm-triangle-1118
1119	gm-triangle-1119
1120	gm-triangle-1120
1121	gm-triangle-1121
1122	gm-triangle-1122
1123	gm-triangle-1123
1124	gm-triangle-1124
1125	gm-triangle-1125
1126	gm-triangle-1126
1127	gm-triangle-1127
1128	gm-triangle-1128
1129	gm-triangle-1129
1130	gm-triangle-1130
1131	gm-triangle-1131
1132	gm-triangle-1132
1133	gm-triangle-1133
1134	gm-triangle-1134
1135	gm-triangle-1135
1136	gm-triangle-1136
1137	gm-triangle-1137
1138	gm-triangle-1138
1139	gm-triangle-1139
1140	gm-triangle-1140
1141	gm-triangle-1141
1142	gm-triangle-1142
1143	gm-triangle-1143
1144	gm-triangle-1144
1145	gm-triangle-1145
1146	gm-triangle-1146
1147	gm-triangle-1147
1148	gm-triangle-1148
1149	gm-triangle-1149
1150	gm-triangle-1150
1151	gm-triangle-1151
1152	gm-triangle-1152
1153	gm-triangle-1153
1154	gm-triangle-1154
1155	gm-triangle-1155
1156	gm-triangle-1156
1157	gm-triangle-1157
1158	gm-triangle-1158
1159	gm-triangle-1159
1160	gm-triangle-1160
1161	gm-triangle-1161
1162	gm-triangle-1162
1163	gm-triangle-1163
1164	gm-triangle-1164
1165	gm-triangle-1165
1166	gm-triangle-1166
1167	gm-triangle-1167
1168	gm-triangle-1168
1169	gm-triangle-1169
1170	gm-triangle-1170
1171	gm-triangle-1171
1172	gm-triangle-1172
1173	gm-triangle-1173
1174	gm-triangle-1174
1175	gm-triangle-1175
1176	gm-triangle-1176
1177	gm-triangle-1177
1178	gm-triangle-1178
1179	gm-triangle-1179
1180	gm-triangle-1180
1181	gm-triangle-1181
1182	gm-triangle-1182
1183	gm-triangle-1183
1184	gm-triangle-1184
1185	gm-triangle-1185
1186	gm-triangle-1186
1187	gm-triangle-1187
1188	gm-triangle-1188
1189	gm-triangle-1189
1190	gm-triangle-1190
1191	gm-triangle-1191
1192	gm-triangle-1192
1193	gm-triangle-1193
1194	gm-triangle-1194
1195	gm-triangle-1195
1196	gm-triangle-1196
1197	gm-triangle-1197
1198	gm-triangle-1198
1199	gm-triangle-1199
1200	gm-triangle-1200
1201	gm-triangle-1201
1202	gm-triangle-1202
1203	gm-triangle-1203
1204	gm-triangle-1204
1205	gm-triangle-1205
1206	gm-triangle-1206
1207	gm-triangle-1207
1208	gm-triangle-1208
1209	gm-triangle-1209
1210	gm-triangle-1210
1211	gm-triangle-1211
1212	gm-triangle-1212
1213	gm-triangle-1213
1214	gm-triangle-1214
1215	gm-triangle-1215
1216	gm-triangle-1216
1217	gm-triangle-1217
1218	gm-triangle-1218
1219	gm-triangle-1219
1220	gm-triangle-1220
1221	gm-triangle-1221
1222	gm-triangle-1222
1223	gm-triangle-1223
1224	gm-triangle-1224
1225	gm-triangle-1225
1226	gm-triangle-1226
1227	gm-triangle-1227
1228	gm-triangle-1228
1229	gm-triangle-1229
1230	gm-triangle-1230
1231	gm-triangle-1231
1232	gm-triangle-1232
1233	gm-triangle-1233
1234	gm-triangle-1234
1235	gm-triangle-1235
1236	gm-triangle-1236
1237	gm-triangle-1237
1238	gm-triangle-1238
1239	gm-triangle-1239
1240	gm-triangle-1240
1241	gm-triangle-1241
1242	gm-triangle-1242
1243	gm-triangle-1243
1244	gm-triangle-1244
1245	gm-triangle-1245
1246	gm-triangle-1246
1247	gm-triangle-1247
1248	gm-triangle-1248
1249	gm-triangle-1249
1250	gm-triangle-1250
1251	gm-triangle-1251
1252	gm-triangle-1252
1253	gm-triangle-1253
1254	gm-triangle-1254
1255	gm-triangle-1255
1256	gm-triangle-1256
1257	gm-triangle-1257
1258	gm-triangle-1258
1259	gm-triangle-1259
1260	gm-triangle-1260
1261	gm-triangle-1261
1262	gm-triangle-1262
1263	gm-triangle-1263
1264	gm-triangle-1264
1265	gm-triangle-1265
1266	gm-triangle-1266
1267	gm-triangle-1267
1268	gm-triangle-1268
1269	gm-triangle-1269
1270	gm-triangle-1270
1271	gm-triangle-1271
1272	gm-triangle-1272
1273	gm-triangle-1273
1274	gm-triangle-1274
1275	gm-triangle-1275
1276	gm-triangle-1276
1277	gm-triangle-1277
1278	gm-triangle-1278
1279	gm-triangle-1279
1280	gm-triangle-1280
1281	gm-triangle-1281
1282	gm-triangle-1282
1283	gm-triangle-1283
1284	gm-triangle-1284
1285	gm-triangle-1285
1286	gm-triangle-1286
1287	gm-triangle-1287
1288	gm-triangle-1288
1289	gm-triangle-1289
1290	gm-triangle-1290
1291	gm-triangle-1291
1292	gm-triangle-1292
1293	gm-triangle-1293
1294	gm-triangle-1294
1295	gm-triangle-1295
1296	gm-triangle-1296
1297	gm-triangle-1297
1298	gm-triangle-1298
1299	gm-triangle-1299
1300	gm-triangle-1300
1301	gm-triangle-1301
1302	gm-triangle-1302
1303	gm-triangle-1303
1304	gm-triangle-1304
1305	gm-triangle-1305
1306	gm-triangle-1306
1307	gm-triangle-1307
1308	gm-triangle-1308
1309	gm-triangle-1309
1310	gm-triangle-1310
1311	gm-triangle-1311
1312	gm-triangle-1312
1313	gm-triangle-1313
1314	gm-triangle-1314
1315	gm-triangle-1315
1316	gm-triangle-1316
1317	gm-triangle-1317
1318	gm-triangle-1318
1319	gm-triangle-1319
1320	gm-triangle-1320
1321	gm-triangle-1321
1322	gm-triangle-1322
1323	gm-triangle-1323
1324	gm-triangle-1324
1325	gm-triangle-1325
1326	gm-triangle-1326
1327	gm-triangle-1327
1328	gm-triangle-1328
1329	gm-triangle-1329
1330	gm-triangle-1330
1331	gm-triangle-1331
1332	gm-triangle-1332
1333	gm-triangle-1333
1334	gm-triangle-1334
1335	gm-triangle-1335
1336	gm-triangle-1336
1337	gm-triangle-1337
1338	gm-triangle-1338
1339	gm-triangle-1339
1340	gm-triangle-1340
1341	gm-triangle-1341
1342	gm-triangle-1342
1343	gm-triangle-1343
1344	gm-triangle-1344
1345	gm-triangle-1345
1346	gm-triangle-1346
1347	gm-triangle-1347
1348	gm-triangle-1348
1349	gm-triangle-1349
1350	gm-triangle-1350
1351	gm-triangle-1351
1352	gm-triangle-1352
1353	gm-triangle-1353
1354	gm-triangle-1354
1355	gm-triangle-1355
1356	gm-triangle-1356
1357	gm-triangle-1357
1358	gm-triangle-1358
1359	gm-triangle-1359
1360	gm-triangle-1360
1361	gm-triangle-1361
1362	gm-triangle-1362
1363	gm-triangle-1363
1364	gm-triangle-1364
1365	gm-triangle-1365
1366	gm-triangle-1366
1367	gm-triangle-1367
1368	gm-triangle-1368
1369	gm-triangle-1369
1370	gm-triangle-1370
1371	gm-triangle-1371
1372	gm-triangle-1372
1373	gm-triangle-1373
1374	gm-triangle-1374
1375	gm-triangle-1375
1376	gm-triangle-1376
1377	gm-triangle-1377
1378	gm-triangle-1378
1379	gm-triangle-1379
1380	gm-triangle-1380
1381	gm-triangle-1381
1382	gm-triangle-1382
1383	gm-triangle-1383
1384	gm-triangle-1384
1385	gm-triangle-1385
1386	gm-triangle-1386
1387	gm-triangle-1387
1388	gm-triangle-1388
1389	gm-triangle-1389
1390	gm-triangle-1390
1391	gm-triangle-1391
1392	gm-triangle-1392
1393	gm-triangle-1393
1394	gm-triangle-1394
1395	gm-triangle-1395
1396	gm-triangle-1396
1397	gm-triangle-1397
1398	gm-triangle-1398
1399	gm-triangle-1399
1400	gm-triangle-1400
1401	gm-triangle-1401
1402	gm-triangle-1402
1403	gm-triangle-1403
1404	gm-triangle-1404
1405	gm-triangle-1405
1406	gm-triangle-1406
1407	gm-triangle-1407
1408	gm-triangle-1408
1409	gm-triangle-1409
1410	gm-triangle-1410
1411	gm-triangle-1411
1412	gm-triangle-1412
1413	gm-triangle-1413
1414	gm-triangle-1414
1415	gm-triangle-1415
1416	gm-triangle-1416
1417	gm-triangle-1417
1418	gm-triangle-1418
1419	gm-triangle-1419
1420	gm-triangle-1420
1421	gm-triangle-1421
1422	gm-triangle-1422
1423	gm-triangle-1423
1424	gm-triangle-1424
1425	gm-triangle-1425
1426	gm-triangle-1426
1427	gm-triangle-1427
1428	gm-triangle-1428
1429	gm-triangle-1429
1430	gm-triangle-1430
1431	gm-triangle-1431
1432	gm-triangle-1432
1433	gm-triangle-1433
1434	gm-triangle-1434
1435	gm-triangle-1435
1436	gm-triangle-1436
1437	gm-triangle-1437
1438	gm-triangle-1438
1439	gm-triangle-1439
1440	gm-triangle-1440
1441	gm-triangle-1441
1442	gm-triangle-1442
1443	gm-triangle-1443
1444	gm-triangle-1444
1445	gm-triangle-1445
1446	gm-triangle-1446
1447	gm-triangle-1447
1448	gm-triangle-1448
1449	gm-triangle-1449
1450	gm-triangle-1450
1451	gm-triangle-1451
1452	gm-triangle-1452
1453	gm-triangle-1453
1454	gm-triangle-1454
1455	gm-triangle-1455
1456	gm-triangle-1456
1457	gm-triangle-1457
1458	gm-triangle-1458
1459	gm-triangle-1459
1460	gm-triangle-1460
1461	gm-triangle-1461
1462	gm-triangle-1462
1463	gm-triangle-1463
1464	gm-triangle-1464
1465	gm-triangle-1465
1466	gm-triangle-1466
1467	gm-triangle-1467
1468	gm-triangle-1468
1469	gm-triangle-1469
1470	gm-triangle-1470
1471	gm-triangle-1471
1472	gm-triangle-1472
1473	gm-triangle-1473
1474	gm-triangle-1474
1475	gm-triangle-1475
1476	gm-triangle-1476
1477	gm-triangle-1477
1478	gm-triangle-1478
1479	gm-triangle-1479
1480	gm-triangle-1480
1481	gm-triangle-1481
1482	gm-triangle-1482
1483	gm-triangle-1483
1484	gm-triangle-1484
1485	gm-triangle-1485
1486	gm-triangle-1486
1487	gm-triangle-1487
1488	gm-triangle-1488
1489	gm-triangle-1489
1490	gm-triangle-1490
1491	gm-triangle-1491
1492	gm-triangle-1492
1493	gm-triangle-1493
1494	gm-triangle-1494
1495	gm-triangle-1495
1496	gm-triangle-1496
1497	gm-triangle-1497
1498	gm-triangle-1498
1499	gm-triangle-1499
1500	gm-triangle-1500
1501	gm-triangle-1501
1502	gm-triangle-1502
1503	gm-triangle-1503
1504	gm-triangle-1504
1505	gm-triangle-1505
1506	gm-triangle-1506
1507	gm-triangle-1507
1508	gm-triangle-1508
1509	gm-triangle-1509
1510	gm-triangle-1510
1511	gm-triangle-1511
1512	gm-triangle-1512
1513	gm-triangle-1513
1514	gm-triangle-1514
1515	gm-triangle-1515
1516	gm-triangle-1516
1517	gm-triangle-1517
1518	gm-triangle-1518
1519	gm-triangle-1519
1520	gm-triangle-1520
1521	gm-triangle-1521
1522	gm-triangle-1522
1523	gm-triangle-1523
1524	gm-triangle-1524
1525	gm-triangle-1525
1526	gm-triangle-1526
1527	gm-triangle-1527
1528	gm-triangle-1528
1529	gm-triangle-1529
1530	gm-triangle-1530
1531	gm-triangle-1531
1532	gm-triangle-1532
1533	gm-triangle-1533
1534	gm-triangle-1534
1535	gm-triangle-1535
1536	gm-triangle-1536
1537	gm-triangle-1537
1538	gm-triangle-1538
1539	gm-triangle-1539
1540	gm-triangle-1540
1541	gm-triangle-1541
1542	gm-triangle-1542
1543	gm-triangle-1543
1544	gm-triangle-1544
1545	gm-triangle-1545
1546	gm-triangle-1546
1547	gm-triangle-1547
1548	gm-triangle-1548
1549	gm-triangle-1549
1550	gm-triangle-1550
1551	gm-triangle-1551
1552	gm-triangle-1552
1553	gm-triangle-1553
1554	gm-triangle-1554
1555	gm-triangle-1555
1556	gm-triangle-1556
1557	gm-triangle-1557
1558	gm-triangle-1558
1559	gm-triangle-1559
1560	gm-triangle-1560
1561	gm-triangle-1561
1562	gm-triangle-1562
1563	gm-triangle-1563
1564	gm-triangle-1564
1565	gm-triangle-1565
1566	gm-triangle-1566
1567	gm-triangle-1567
1568	gm-triangle-1568
1569	gm-triangle-1569
1570	gm-triangle-1570
1571	gm-triangle-1571
1572	gm-triangle-1572
1573	gm-triangle-1573
1574	gm-triangle-1574
1575	gm-triangle-1575
1576	gm-triangle-1576
1577	gm-triangle-1577
1578	gm-triangle-1578
1579	gm-triangle-1579
1580	gm-triangle-1580
1581	gm-triangle-1581
1582	gm-triangle-1582
1583	gm-triangle-1583
1584	gm-triangle-1584
1585	gm-triangle-1585
1586	gm-triangle-1586
1587	gm-triangle-1587
1588	gm-triangle-1588
1589	gm-triangle-1589
1590	gm-triangle-1590
1591	gm-triangle-1591
1592	gm-triangle-1592
1593	gm-triangle-1593
1594	gm-triangle-1594
1595	gm-triangle-1595
1596	gm-triangle-1596
1597	gm-triangle-1597
1598	gm-triangle-1598
1599	gm-triangle-1599
1600	gm-triangle-1600
1601	gm-triangle-1601
1602	gm-triangle-1602
1603	gm-triangle-1603
1604	gm-triangle-1604
1605	gm-triangle-1605
1606	gm-triangle-1606
1607	gm-triangle-1607
1608	gm-triangle-1608
1609	gm-triangle-1609
1610	gm-triangle-1610
1611	gm-triangle-1611
1612	gm-triangle-1612
1613	gm-triangle-1613
1614	gm-triangle-1614
1615	gm-triangle-1615
1616	gm-triangle-1616
1617	gm-triangle-1617
1618	gm-triangle-1618
1619	gm-triangle-1619
1620	gm-triangle-1620
1621	gm-triangle-1621
1622	gm-triangle-1622
1623	gm-triangle-1623
1624	gm-triangle-1624
1625	gm-triangle-1625
1626	gm-triangle-1626
1627	gm-triangle-1627
1628	gm-triangle-1628
1629	gm-triangle-1629
1630	gm-triangle-1630
1631	gm-triangle-1631
1632	gm-triangle-1632
1633	gm-triangle-1633
1634	gm-triangle-1634
1635	gm-triangle-1635
1636	gm-triangle-1636
1637	gm-triangle-1637
1638	gm-triangle-1638
1639	gm-triangle-1639
1640	gm-triangle-1640
1641	gm-triangle-1641
1642	gm-triangle-1642
1643	gm-triangle-1643
1644	gm-triangle-1644
1645	gm-triangle-1645
1646	gm-triangle-1646
1647	gm-triangle-1647
1648	gm-triangle-1648
1649	gm-triangle-1649
1650	gm-triangle-1650
1651	gm-triangle-1651
1652	gm-triangle-1652
1653	gm-triangle-1653
1654	gm-triangle-1654
1655	gm-triangle-1655
1656	gm-triangle-1656
1657	gm-triangle-1657
1658	gm-triangle-1658
1659	gm-triangle-1659
1660	gm-triangle-1660
1661	gm-triangle-1661
1662	gm-triangle-1662
1663	gm-triangle-1663
1664	gm-triangle-1664
1665	gm-triangle-1665
1666	gm-triangle-1666
1667	gm-triangle-1667
1668	gm-triangle-1668
1669	gm-triangle-1669
1670	gm-triangle-1670
1671	gm-triangle-1671
1672	gm-triangle-1672
1673	gm-triangle-1673
1674	gm-triangle-1674
1675	gm-triangle-1675
1676	gm-triangle-1676
1677	gm-triangle-1677
1678	gm-triangle-1678
1679	gm-triangle-1679
1680	gm-triangle-1680
1681	gm-triangle-1681
1682	gm-triangle-1682
1683	gm-triangle-1683
1684	gm-triangle-1684
1685	gm-triangle-1685
1686	gm-triangle-1686
1687	gm-triangle-1687
1688	gm-triangle-1688
1689	gm-triangle-1689
1690	gm-triangle-1690
1691	gm-triangle-1691
1692	gm-triangle-1692
1693	gm-triangle-1693
1694	gm-triangle-1694
1695	gm-triangle-1695
1696	gm-triangle-1696
1697	gm-triangle-1697
1698	gm-triangle-1698
1699	gm-triangle-1699
1700	gm-triangle-1700
1701	gm-triangle-1701
1702	gm-triangle-1702
1703	gm-triangle-1703
1704	gm-triangle-1704
1705	gm-triangle-1705
1706	gm-triangle-1706
1707	gm-triangle-1707
1708	gm-triangle-1708
1709	gm-triangle-1709
1710	gm-triangle-1710
1711	gm-triangle-1711
1712	gm-triangle-1712
1713	gm-triangle-1713
1714	gm-triangle-1714
1715	gm-triangle-1715
1716	gm-triangle-1716
1717	gm-triangle-1717
1718	gm-triangle-1718
1719	gm-triangle-1719
1720	gm-triangle-1720
1721	gm-triangle-1721
1722	gm-triangle-1722
1723	gm-triangle-1723
1724	gm-triangle-1724
1725	gm-triangle-1725
1726	gm-triangle-1726
1727	gm-triangle-1727
1728	gm-triangle-1728
1729	gm-triangle-1729
1730	gm-triangle-1730
1731	gm-triangle-1731
1732	gm-triangle-1732
1733	gm-triangle-1733
1734	gm-triangle-1734
1735	gm-triangle-1735
1736	gm-triangle-1736
1737	gm-triangle-1737
1738	gm-triangle-1738
1739	gm-triangle-1739
1740	gm-triangle-1740
1741	gm-triangle-1741
1742	gm-triangle-1742
1743	gm-triangle-1743
1744	gm-triangle-1744
1745	gm-triangle-1745
1746	gm-triangle-1746
1747	gm-triangle-1747
1748	gm-triangle-1748
1749	gm-triangle-1749
1750	gm-triangle-1750
1751	gm-triangle-1751
1752	gm-triangle-1752
1753	gm-triangle-1753
1754	gm-triangle-1754
1755	gm-triangle-1755
1756	gm-triangle-1756
1757	gm-triangle-1757
1758	gm-triangle-1758
1759	gm-triangle-1759
1760	gm-triangle-1760
1761	gm-triangle-1761
1762	gm-triangle-1762
1763	gm-triangle-1763
1764	gm-triangle-1764
1765	gm-triangle-1765
1766	gm-triangle-1766
1767	gm-triangle-1767
1768	gm-triangle-1768
1769	gm-triangle-1769
1770	gm-triangle-1770
1771	gm-triangle-1771
1772	gm-triangle-1772
1773	gm-triangle-1773
1774	gm-triangle-1774
1775	gm-triangle-1775
1776	gm-triangle-1776
1777	gm-triangle-1777
1778	gm-triangle-1778
1779	gm-triangle-1779
1780	gm-triangle-1780
1781	gm-triangle-1781
1782	gm-triangle-1782
1783	gm-triangle-1783
1784	gm-triangle-1784
1785	gm-triangle-1785
1786	gm-triangle-1786
1787	gm-triangle-1787
1788	gm-triangle-1788
1789	gm-triangle-1789
1790	gm-triangle-1790
1791	gm-triangle-1791
1792	gm-triangle-1792
1793	gm-triangle-1793
1794	gm-triangle-1794
1795	gm-triangle-1795
1796	gm-triangle-1796
1797	gm-triangle-1797
1798	gm-triangle-1798
1799	gm-triangle-1799
1800	gm-triangle-1800
1801	gm-triangle-1801
1802	gm-triangle-1802
1803	gm-triangle-1803
1804	gm-triangle-1804
1805	gm-triangle-1805
1806	gm-triangle-1806
1807	gm-triangle-1807
1808	gm-triangle-1808
1809	gm-triangle-1809
1810	gm-triangle-1810
1811	gm-triangle-1811
1812	gm-triangle-1812
1813	gm-triangle-1813
1814	gm-triangle-1814
1815	gm-triangle-1815
1816	gm-triangle-1816
1817	gm-triangle-1817
1818	gm-triangle-1818
1819	gm-triangle-1819
1820	gm-triangle-1820
1821	gm-triangle-1821
1822	gm-triangle-1822
1823	gm-triangle-1823
1824	gm-triangle-1824
1825	gm-triangle-1825
1826	gm-triangle-1826
1827	gm-triangle-1827
1828	gm-triangle-1828
1829	gm-triangle-1829
1830	gm-triangle-1830
1831	gm-triangle-1831
1832	gm-triangle-1832
1833	gm-triangle-1833
1834	gm-triangle-1834
1835	gm-triangle-1835
1836	gm-triangle-1836
1837	gm-triangle-1837
1838	gm-triangle-1838
1839	gm-triangle-1839
1840	gm-triangle-1840
1841	gm-triangle-1841
1842	gm-triangle-1842
1843	gm-triangle-1843
1844	gm-triangle-1844
1845	gm-triangle-1845
1846	gm-triangle-1846
1847	gm-triangle-1847
1848	gm-triangle-1848
1849	gm-triangle-1849
1850	gm-triangle-1850
1851	gm-triangle-1851
1852	gm-triangle-1852
1853	gm-triangle-1853
1854	gm-triangle-1854
1855	gm-triangle-1855
1856	gm-triangle-1856
1857	gm-triangle-1857
1858	gm-triangle-1858
1859	gm-triangle-1859
1860	gm-triangle-1860
1861	gm-triangle-1861
1862	gm-triangle-1862
1863	gm-triangle-1863
1864	gm-triangle-1864
1865	gm-triangle-1865
1866	gm-triangle-1866
1867	gm-triangle-1867
1868	gm-triangle-1868
1869	gm-triangle-1869
1870	gm-triangle-1870
1871	gm-triangle-1871
1872	gm-triangle-1872
1873	gm-triangle-1873
1874	gm-triangle-1874
1875	gm-triangle-1875
1876	gm-triangle-1876
1877	gm-triangle-1877
1878	gm-triangle-1878
1879	gm-triangle-1879
1880	gm-triangle-1880
1881	gm-triangle-1881
1882	gm-triangle-1882
1883	gm-triangle-1883
1884	gm-triangle-1884
1885	gm-triangle-1885
1886	gm-triangle-1886
1887	gm-triangle-1887
1888	gm-triangle-1888
1889	gm-triangle-1889
1890	gm-triangle-1890
1891	gm-triangle-1891
1892	gm-triangle-1892
1893	gm-triangle-1893
1894	gm-triangle-1894
1895	gm-triangle-1895
1896	gm-triangle-1896
1897	gm-triangle-1897
1898	gm-triangle-1898
1899	gm-triangle-1899
1900	gm-triangle-1900
1901	gm-triangle-1901
1902	gm-triangle-1902
1903	gm-triangle-1903
1904	gm-triangle-1904
1905	gm-triangle-1905
1906	gm-triangle-1906
1907	gm-triangle-1907
1908	gm-triangle-1908
1909	gm-triangle-1909
1910	gm-triangle-1910
1911	gm-triangle-1911
1912	gm-triangle-1912
1913	gm-triangle-1913
1914	gm-triangle-1914
1915	gm-triangle-1915
1916	gm-triangle-1916
1917	gm-triangle-1917
1918	gm-triangle-1918
1919	gm-triangle-1919
1920	gm-triangle-1920
1921	gm-triangle-1921
1922	gm-triangle-1922
1923	gm-triangle-1923
1924	gm-triangle-1924
1925	gm-triangle-1925
1926	gm-triangle-1926
1927	gm-triangle-1927
1928	gm-triangle-1928
1929	gm-triangle-1929
1930	gm-triangle-1930
1931	gm-triangle-1931
1932	gm-triangle-1932
1933	gm-triangle-1933
1934	gm-triangle-1934
1935	gm-triangle-1935
1936	gm-triangle-1936
1937	gm-triangle-1937
1938	gm-triangle-1938
1939	gm-triangle-1939
1940	gm-triangle-1940
1941	gm-triangle-1941
1942	gm-triangle-1942
1943	gm-triangle-1943
1944	gm-triangle-1944
1945	gm-triangle-1945
1946	gm-triangle-1946
1947	gm-triangle-1947
1948	gm-triangle-1948
1949	gm-triangle-1949
1950	gm-triangle-1950
1951	gm-triangle-1951
1952	gm-triangle-1952
1953	gm-triangle-1953
1954	gm-triangle-1954
1955	gm-triangle-1955
1956	gm-triangle-1956
1957	gm-triangle-1957
1958	gm-triangle-1958
1959	gm-triangle-1959
1960	gm-triangle-1960
1961	gm-triangle-1961
1962	gm-triangle-1962
1963	gm-triangle-1963
1964	gm-triangle-1964
1965	gm-triangle-1965
1966	gm-triangle-1966
1967	gm-triangle-1967
1968	gm-triangle-1968
1969	gm-triangle-1969
1970	gm-triangle-1970
1971	gm-triangle-1971
1972	gm-triangle-1972
1973	gm-triangle-1973
1974	gm-triangle-1974
1975	gm-triangle-1975
1976	gm-triangle-1976
1977	gm-triangle-1977
1978	gm-triangle-1978
1979	gm-triangle-1979
1980	gm-triangle-1980
1981	gm-triangle-1981
1982	gm-triangle-1982
1983	gm-triangle-1983
1984	gm-triangle-1984
1985	gm-triangle-1985
1986	gm-triangle-1986
1987	gm-triangle-1987
1988	gm-triangle-1988
1989	gm-triangle-1989
1990	gm-triangle-1990
1991	gm-triangle-1991
1992	gm-triangle-1992
1993	gm-triangle-1993
1994	gm-triangle-1994
1995	gm-triangle-1995
1996	gm-triangle-1996
1997	gm-triangle-1997
1998	gm-triangle-1998
1999	gm-triangle-1999
2000	gm-triangle-2000
2001	gm-triangle-2001
2002	gm-triangle-2002
2003	gm-triangle-2003
2004	gm-triangle-2004
2005	gm-triangle-2005
2006	gm-triangle-2006
2007	gm-triangle-2007
2008	gm-triangle-2008
2009	gm-triangle-2009
2010	gm-triangle-2010
2011	gm-triangle-2011
2012	gm-triangle-2012
2013	gm-triangle-2013
2014	gm-triangle-2014
2015	gm-triangle-2015
2016	gm-triangle-2016
2017	gm-triangle-2017
2018	gm-triangle-2018
2019	gm-triangle-2019
2020	gm-triangle-2020
2021	gm-triangle-2021
2022	gm-triangle-2022
2023	gm-triangle-2023
2024	gm-triangle-2024
2025	gm-triangle-2025
2026	gm-triangle-2026
2027	gm-triangle-2027
2028	gm-triangle-2028
2029	gm-triangle-2029
2030	gm-triangle-2030
2031	gm-triangle-2031
2032	gm-triangle-2032
2033	gm-triangle-2033
2034	gm-triangle-2034
2035	gm-triangle-2035
2036	gm-triangle-2036
2037	gm-triangle-2037
2038	gm-triangle-2038
2039	gm-triangle-2039
2040	gm-triangle-2040
2041	gm-triangle-2041
2042	gm-triangle-2042
2043	gm-triangle-2043
2044	gm-triangle-2044
2045	gm-triangle-2045
2046	gm-triangle-2046
2047	gm-triangle-2047
2048	gm-triangle-2048
2049	gm-triangle-2049
2050	gm-triangle-2050
2051	gm-triangle-2051
2052	gm-triangle-2052
2053	gm-triangle-2053
2054	gm-triangle-2054
2055	gm-triangle-2055
2056	gm-triangle-2056
2057	gm-triangle-2057
2058	gm-triangle-2058
2059	gm-triangle-2059
2060	gm-triangle-2060
2061	gm-triangle-2061
2062	gm-triangle-2062
2063	gm-triangle-2063
2064	gm-triangle-2064
2065	gm-triangle-2065
2066	gm-triangle-2066
2067	gm-triangle-2067
2068	gm-triangle-2068
2069	gm-triangle-2069
2070	gm-triangle-2070
2071	gm-triangle-2071
2072	gm-triangle-2072
2073	gm-triangle-2073
2074	gm-triangle-2074
2075	gm-triangle-2075
2076	gm-triangle-2076
2077	gm-triangle-2077
2078	gm-triangle-2078
2079	gm-triangle-2079
2080	gm-triangle-2080
2081	gm-triangle-2081
2082	gm-triangle-2082
2083	gm-triangle-2083
2084	gm-triangle-2084
2085	gm-triangle-2085
2086	gm-triangle-2086
2087	gm-triangle-2087
2088	gm-triangle-2088
2089	gm-triangle-2089
2090	gm-triangle-2090
2091	gm-triangle-2091
2092	gm-triangle-2092
2093	gm-triangle-2093
2094	gm-triangle-2094
2095	gm-triangle-2095
2096	gm-triangle-2096
2097	gm-triangle-2097
2098	gm-triangle-2098
2099	gm-triangle-2099
2100	gm-triangle-2100
2101	gm-triangle-2101
2102	gm-triangle-2102
2103	gm-triangle-2103
2104	gm-triangle-2104
2105	gm-triangle-2105
2106	gm-triangle-2106
2107	gm-triangle-2107
2108	gm-triangle-2108
2109	gm-triangle-2109
2110	gm-triangle-2110
2111	gm-triangle-2111
2112	gm-triangle-2112
2113	gm-triangle-2113
2114	gm-triangle-2114
2115	gm-triangle-2115
2116	gm-triangle-2116
2117	gm-triangle-2117
2118	gm-triangle-2118
2119	gm-triangle-2119
2120	gm-triangle-2120
2121	gm-triangle-2121
2122	gm-triangle-2122
2123	gm-triangle-2123
2124	gm-triangle-2124
2125	gm-triangle-2125
2126	gm-triangle-2126
2127	gm-triangle-2127
2128	gm-triangle-2128
2129	gm-triangle-2129
2130	gm-triangle-2130
2131	gm-triangle-2131
2132	gm-triangle-2132
2133	gm-triangle-2133
2134	gm-triangle-2134
2135	gm-triangle-2135
2136	gm-triangle-2136
2137	gm-triangle-2137
2138	gm-triangle-2138
2139	gm-triangle-2139
2140	gm-triangle-2140
2141	gm-triangle-2141
2142	gm-triangle-2142
2143	gm-triangle-2143
2144	gm-triangle-2144
2145	gm-triangle-2145
2146	gm-triangle-2146
2147	gm-triangle-2147
2148	gm-triangle-2148
2149	gm-triangle-2149
2150	gm-triangle-2150
2151	gm-triangle-2151
2152	gm-triangle-2152
2153	gm-triangle-2153
2154	gm-triangle-2154
2155	gm-triangle-2155
2156	gm-triangle-2156
2157	gm-triangle-2157
2158	gm-triangle-2158
2159	gm-triangle-2159
2160	gm-triangle-2160
2161	gm-triangle-2161
2162	gm-triangle-2162
2163	gm-triangle-2163
2164	gm-triangle-2164
2165	gm-triangle-2165
2166	gm-triangle-2166
2167	gm-triangle-2167
2168	gm-triangle-2168
2169	gm-triangle-2169
2170	gm-triangle-2170
2171	gm-triangle-2171
2172	gm-triangle-2172
2173	gm-triangle-2173
2174	gm-triangle-2174
2175	gm-triangle-2175
2176	gm-triangle-2176
2177	gm-triangle-2177
2178	gm-triangle-2178
2179	gm-triangle-2179
2180	gm-triangle-2180
2181	gm-triangle-2181
2182	gm-triangle-2182
2183	gm-triangle-2183
2184	gm-triangle-2184
2185	gm-triangle-2185
2186	gm-triangle-2186
2187	gm-triangle-2187
2188	gm-triangle-2188
2189	gm-triangle-2189
2190	gm-triangle-2190
2191	gm-triangle-2191
2192	gm-triangle-2192
2193	gm-triangle-2193
2194	gm-triangle-2194
2195	gm-triangle-2195
2196	gm-triangle-2196
2197	gm-triangle-2197
2198	gm-triangle-2198
2199	gm-triangle-2199
2200	gm-triangle-2200
2201	gm-triangle-2201
2202	gm-triangle-2202
2203	gm-triangle-2203
2204	gm-triangle-2204
2205	gm-triangle-2205
2206	gm-triangle-2206
2207	gm-triangle-2207
2208	gm-triangle-2208
2209	gm-triangle-2209
2210	gm-triangle-2210
2211	gm-triangle-2211
2212	gm-triangle-2212
2213	gm-triangle-2213
2214	gm-triangle-2214
2215	gm-triangle-2215
2216	gm-triangle-2216
2217	gm-triangle-2217
2218	gm-triangle-2218
2219	gm-triangle-2219
2220	gm-triangle-2220
2221	gm-triangle-2221
2222	gm-triangle-2222
2223	gm-triangle-2223
2224	gm-triangle-2224
2225	gm-triangle-2225
2226	gm-triangle-2226
2227	gm-triangle-2227
2228	gm-triangle-2228
2229	gm-triangle-2229
2230	gm-triangle-2230
2231	gm-triangle-2231
2232	gm-triangle-2232
2233	gm-triangle-2233
2234	gm-triangle-2234
2235	gm-triangle-2235
2236	gm-triangle-2236
2237	gm-triangle-2237
2238	gm-triangle-2238
2239	gm-triangle-2239
2240	gm-triangle-2240
2241	gm-triangle-2241
2242	gm-triangle-2242
2243	gm-triangle-2243
2244	gm-triangle-2244
2245	gm-triangle-2245
2246	gm-triangle-2246
2247	gm-triangle-2247
2248	gm-triangle-2248
2249	gm-triangle-2249
2250	gm-triangle-2250
2251	gm-triangle-2251
2252	gm-triangle-2252
2253	gm-triangle-2253
2254	gm-triangle-2254
2255	gm-triangle-2255
2256	gm-triangle-2256
2257	gm-triangle-2257
2258	gm-triangle-2258
2259	gm-triangle-2259
2260	gm-triangle-2260
2261	gm-triangle-2261
2262	gm-triangle-2262
2263	gm-triangle-2263
2264	gm-triangle-2264
2265	gm-triangle-2265
2266	gm-triangle-2266
2267	gm-triangle-2267
2268	gm-triangle-2268
2269	gm-triangle-2269
2270	gm-triangle-2270
2271	gm-triangle-2271
2272	gm-triangle-2272
2273	gm-triangle-2273
2274	gm-triangle-2274
2275	gm-triangle-2275
2276	gm-triangle-2276
2277	gm-triangle-2277
2278	gm-triangle-2278
2279	gm-triangle-2279
2280	gm-triangle-2280
2281	gm-triangle-2281
2282	gm-triangle-2282
2283	gm-triangle-2283
2284	gm-triangle-2284
2285	gm-triangle-2285
2286	gm-triangle-2286
2287	gm-triangle-2287
2288	gm-triangle-2288
2289	gm-triangle-2289
2290	gm-triangle-2290
2291	gm-triangle-2291
2292	gm-triangle-2292
2293	gm-triangle-2293
2294	gm-triangle-2294
2295	gm-triangle-2295
2296	gm-triangle-2296
2297	gm-triangle-2297
2298	gm-triangle-2298
2299	gm-triangle-2299
2300	gm-triangle-2300
2301	gm-triangle-2301
2302	gm-triangle-2302
2303	gm-triangle-2303
2304	gm-triangle-2304
2305	gm-triangle-2305
2306	gm-triangle-2306
2307	gm-triangle-2307
2308	gm-triangle-2308
2309	gm-triangle-2309
2310	gm-triangle-2310
2311	gm-triangle-2311
2312	gm-triangle-2312
2313	gm-triangle-2313
2314	gm-triangle-2314
2315	gm-triangle-2315
2316	gm-triangle-2316
2317	gm-triangle-2317
2318	gm-triangle-2318
2319	gm-triangle-2319
2320	gm-triangle-2320
2321	gm-triangle-2321
2322	gm-triangle-2322
2323	gm-triangle-2323
2324	gm-triangle-2324
2325	gm-triangle-2325
2326	gm-triangle-2326
2327	gm-triangle-2327
2328	gm-triangle-2328
2329	gm-triangle-2329
2330	gm-triangle-2330
2331	gm-triangle-2331
2332	gm-triangle-2332
2333	gm-triangle-2333
2334	gm-triangle-2334
2335	gm-triangle-2335
2336	gm-triangle-2336
2337	gm-triangle-2337
2338	gm-triangle-2338
2339	gm-triangle-2339
2340	gm-triangle-2340
2341	gm-triangle-2341
2342	gm-triangle-2342
2343	gm-triangle-2343
2344	gm-triangle-2344
2345	gm-triangle-2345
2346	gm-triangle-2346
2347	gm-triangle-2347
2348	gm-triangle-2348
2349	gm-triangle-2349
2350	gm-triangle-2350
2351	gm-triangle-2351
2352	gm-triangle-2352
2353	gm-triangle-2353
2354	gm-triangle-2354
2355	gm-triangle-2355
2356	gm-triangle-2356
2357	gm-triangle-2357
2358	gm-triangle-2358
2359	gm-triangle-2359
2360	gm-triangle-2360
2361	gm-triangle-2361
2362	gm-triangle-2362
2363	gm-triangle-2363
2364	gm-triangle-2364
2365	gm-triangle-2365
2366	gm-triangle-2366
2367	gm-triangle-2367
2368	gm-triangle-2368
2369	gm-triangle-2369
2370	gm-triangle-2370
2371	gm-triangle-2371
2372	gm-triangle-2372
2373	gm-triangle-2373
2374	gm-triangle-2374
2375	gm-triangle-2375
2376	gm-triangle-2376
2377	gm-triangle-2377
2378	gm-triangle-2378
2379	gm-triangle-2379
2380	gm-triangle-2380
2381	gm-triangle-2381
2382	gm-triangle-2382
2383	gm-triangle-2383
2384	gm-triangle-2384
2385	gm-triangle-2385
2386	gm-triangle-2386
2387	gm-triangle-2387
2388	gm-triangle-2388
2389	gm-triangle-2389
2390	gm-triangle-2390
2391	gm-triangle-2391
2392	gm-triangle-2392
2393	gm-triangle-2393
2394	gm-triangle-2394
2395	gm-triangle-2395
2396	gm-triangle-2396
2397	gm-triangle-2397
2398	gm-triangle-2398
2399	gm-triangle-2399
2400	gm-triangle-2400
2401	gm-triangle-2401
2402	gm-triangle-2402
2403	gm-triangle-2403
2404	gm-triangle-2404
2405	gm-triangle-2405
2406	gm-triangle-2406
2407	gm-triangle-2407
2408	gm-triangle-2408
2409	gm-triangle-2409
2410	gm-triangle-2410
2411	gm-triangle-2411
2412	gm-triangle-2412
2413	gm-triangle-2413
2414	gm-triangle-2414
2415	gm-triangle-2415
2416	gm-triangle-2416
2417	gm-triangle-2417
2418	gm-triangle-2418
2419	gm-triangle-2419
2420	gm-triangle-2420
2421	gm-triangle-2421
2422	gm-triangle-2422
2423	gm-triangle-2423
2424	gm-triangle-2424
2425	gm-triangle-2425
2426	gm-triangle-2426
2427	gm-triangle-2427
2428	gm-triangle-2428
2429	gm-triangle-2429
2430	gm-triangle-2430
2431	gm-triangle-2431
2432	gm-triangle-2432
2433	gm-triangle-2433
2434	gm-triangle-2434
2435	gm-triangle-2435
2436	gm-triangle-2436
2437	gm-triangle-2437
2438	gm-triangle-2438
2439	gm-triangle-2439
2440	gm-triangle-2440
2441	gm-triangle-2441
2442	gm-triangle-2442
2443	gm-triangle-2443
2444	gm-triangle-2444
2445	gm-triangle-2445
2446	gm-triangle-2446
2447	gm-triangle-2447
2448	gm-triangle-2448
2449	gm-triangle-2449
2450	gm-triangle-2450
2451	gm-triangle-2451
2452	gm-triangle-2452
2453	gm-triangle-2453
2454	gm-triangle-2454
2455	gm-triangle-2455
2456	gm-triangle-2456
2457	gm-triangle-2457
2458	gm-triangle-2458
2459	gm-triangle-2459
2460	gm-triangle-2460
2461	gm-triangle-2461
2462	gm-triangle-2462
2463	gm-triangle-2463
2464	gm-triangle-2464
2465	gm-triangle-2465
2466	gm-triangle-2466
2467	gm-triangle-2467
2468	gm-triangle-2468
2469	gm-triangle-2469
2470	gm-triangle-2470
2471	gm-triangle-2471
2472	gm-triangle-2472
2473	gm-triangle-2473
2474	gm-triangle-2474
2475	gm-triangle-2475
2476	gm-triangle-2476
2477	gm-triangle-2477
2478	gm-triangle-2478
2479	gm-triangle-2479
2480	gm-triangle-2480
2481	gm-triangle-2481
2482	gm-triangle-2482
2483	gm-triangle-2483
2484	gm-triangle-2484
2485	gm-triangle-2485
2486	gm-triangle-2486
2487	gm-triangle-2487
2488	gm-triangle-2488
2489	gm-triangle-2489
2490	gm-triangle-2490
2491	gm-triangle-2491
2492	gm-triangle-2492
2493	gm-triangle-2493
2494	gm-triangle-2494
2495	gm-triangle-2495
2496	gm-triangle-2496
2497	gm-triangle-2497
2498	gm-triangle-2498
2499	gm-triangle-2499
2500	gm-triangle-2500
2501	gm-triangle-2501
2502	gm-triangle-2502
2503	gm-triangle-2503
2504	gm-triangle-2504
2505	gm-triangle-2505
2506	gm-triangle-2506
2507	gm-triangle-2507
2508	gm-triangle-2508
2509	gm-triangle-2509
2510	gm-triangle-2510
2511	gm-triangle-2511
2512	gm-triangle-2512
2513	gm-triangle-2513
2514	gm-triangle-2514
2515	gm-triangle-2515
2516	gm-triangle-2516
2517	gm-triangle-2517
2518	gm-triangle-2518
2519	gm-triangle-2519
2520	gm-triangle-2520
2521	gm-triangle-2521
2522	gm-triangle-2522
2523	gm-triangle-2523
2524	gm-triangle-2524
2525	gm-triangle-2525
2526	gm-triangle-2526
2527	gm-triangle-2527
2528	gm-triangle-2528
2529	gm-triangle-2529
2530	gm-triangle-2530
2531	gm-triangle-2531
2532	gm-triangle-2532
2533	gm-triangle-2533
2534	gm-triangle-2534
2535	gm-triangle-2535
2536	gm-triangle-2536
2537	gm-triangle-2537
2538	gm-triangle-2538
2539	gm-triangle-2539
2540	gm-triangle-2540
2541	gm-triangle-2541
2542	gm-triangle-2542
2543	gm-triangle-2543
2544	gm-triangle-2544
2545	gm-triangle-2545
2546	gm-triangle-2546
2547	gm-triangle-2547
2548	gm-triangle-2548
2549	gm-triangle-2549
2550	gm-triangle-2550
2551	gm-triangle-2551
2552	gm-triangle-2552
2553	gm-triangle-2553
2554	gm-triangle-2554
2555	gm-triangle-2555
2556	gm-triangle-2556
2557	gm-triangle-2557
2558	gm-triangle-2558
2559	gm-triangle-2559
2560	gm-triangle-2560
2561	gm-triangle-2561
2562	gm-triangle-2562
2563	gm-triangle-2563
2564	gm-triangle-2564
2565	gm-triangle-2565
2566	gm-triangle-2566
2567	gm-triangle-2567
2568	gm-triangle-2568
2569	gm-triangle-2569
2570	gm-triangle-2570
2571	gm-triangle-2571
2572	gm-triangle-2572
2573	gm-triangle-2573
2574	gm-triangle-2574
2575	gm-triangle-2575
2576	gm-triangle-2576
2577	gm-triangle-2577
2578	gm-triangle-2578
2579	gm-triangle-2579
2580	gm-triangle-2580
2581	gm-triangle-2581
2582	gm-triangle-2582
2583	gm-triangle-2583
2584	gm-triangle-2584
2585	gm-triangle-2585
2586	gm-triangle-2586
2587	gm-triangle-2587
2588	gm-triangle-2588
2589	gm-triangle-2589
2590	gm-triangle-2590
2591	gm-triangle-2591
2592	gm-triangle-2592
2593	gm-triangle-2593
2594	gm-triangle-2594
2595	gm-triangle-2595
2596	gm-triangle-2596
2597	gm-triangle-2597
2598	gm-triangle-2598
2599	gm-triangle-2599
2600	gm-triangle-2600
2601	gm-triangle-2601
2602	gm-triangle-2602
2603	gm-triangle-2603
2604	gm-triangle-2604
2605	gm-triangle-2605
2606	gm-triangle-2606
2607	gm-triangle-2607
2608	gm-triangle-2608
2609	gm-triangle-2609
2610	gm-triangle-2610
2611	gm-triangle-2611
2612	gm-triangle-2612
2613	gm-triangle-2613
2614	gm-triangle-2614
2615	gm-triangle-2615
2616	gm-triangle-2616
2617	gm-triangle-2617
2618	gm-triangle-2618
2619	gm-triangle-2619
2620	gm-triangle-2620
2621	gm-triangle-2621
2622	gm-triangle-2622
2623	gm-triangle-2623
2624	gm-triangle-2624
2625	gm-triangle-2625
2626	gm-triangle-2626
2627	gm-triangle-2627
2628	gm-triangle-2628
2629	gm-triangle-2629
2630	gm-triangle-2630
2631	gm-triangle-2631
2632	gm-triangle-2632
2633	gm-triangle-2633
2634	gm-triangle-2634
2635	gm-triangle-2635
2636	gm-triangle-2636
2637	gm-triangle-2637
2638	gm-triangle-2638
2639	gm-triangle-2639
2640	gm-triangle-2640
2641	gm-triangle-2641
2642	gm-triangle-2642
2643	gm-triangle-2643
2644	gm-triangle-2644
2645	gm-triangle-2645
2646	gm-triangle-2646
2647	gm-triangle-2647
2648	gm-triangle-2648
2649	gm-triangle-2649
2650	gm-triangle-2650
2651	gm-triangle-2651
2652	gm-triangle-2652
2653	gm-triangle-2653
2654	gm-triangle-2654
2655	gm-triangle-2655
2656	gm-triangle-2656
2657	gm-triangle-2657
2658	gm-triangle-2658
2659	gm-triangle-2659
2660	gm-triangle-2660
2661	gm-triangle-2661
2662	gm-triangle-2662
2663	gm-triangle-2663
2664	gm-triangle-2664
2665	gm-triangle-2665
2666	gm-triangle-2666
2667	gm-triangle-2667
2668	gm-triangle-2668
2669	gm-triangle-2669
2670	gm-triangle-2670
2671	gm-triangle-2671
2672	gm-triangle-2672
2673	gm-triangle-2673
2674	gm-triangle-2674
2675	gm-triangle-2675
2676	gm-triangle-2676
2677	gm-triangle-2677
2678	gm-triangle-2678
2679	gm-triangle-2679
2680	gm-triangle-2680
2681	gm-triangle-2681
2682	gm-triangle-2682
2683	gm-triangle-2683
2684	gm-triangle-2684
2685	gm-triangle-2685
2686	gm-triangle-2686
2687	gm-triangle-2687
2688	gm-triangle-2688
2689	gm-triangle-2689
2690	gm-triangle-2690
2691	gm-triangle-2691
2692	gm-triangle-2692
2693	gm-triangle-2693
2694	gm-triangle-2694
2695	gm-triangle-2695
2696	gm-triangle-2696
2697	gm-triangle-2697
2698	gm-triangle-2698
2699	gm-triangle-2699
2700	gm-triangle-2700
2701	gm-triangle-2701
2702	gm-triangle-2702
2703	gm-triangle-2703
2704	gm-triangle-2704
2705	gm-triangle-2705
2706	gm-triangle-2706
2707	gm-triangle-2707
2708	gm-triangle-2708
2709	gm-triangle-2709
2710	gm-triangle-2710
2711	gm-triangle-2711
2712	gm-triangle-2712
2713	gm-triangle-2713
2714	gm-triangle-2714
2715	gm-triangle-2715
2716	gm-triangle-2716
2717	gm-triangle-2717
2718	gm-triangle-2718
2719	gm-triangle-2719
2720	gm-triangle-2720
2721	gm-triangle-2721
2722	gm-triangle-2722
2723	gm-triangle-2723
2724	gm-triangle-2724
2725	gm-triangle-2725
2726	gm-triangle-2726
2727	gm-triangle-2727
2728	gm-triangle-2728
2729	gm-triangle-2729
2730	gm-triangle-2730
2731	gm-triangle-2731
2732	gm-triangle-2732
2733	gm-triangle-2733
2734	gm-triangle-2734
2735	gm-triangle-2735
2736	gm-triangle-2736
2737	gm-triangle-2737
2738	gm-triangle-2738
2739	gm-triangle-2739
2740	gm-triangle-2740
2741	gm-triangle-2741
2742	gm-triangle-2742
2743	gm-triangle-2743
2744	gm-triangle-2744
2745	gm-triangle-2745
2746	gm-triangle-2746
2747	gm-triangle-2747
2748	gm-triangle-2748
2749	gm-triangle-2749
2750	gm-triangle-2750
2751	gm-triangle-2751
2752	gm-triangle-2752
2753	gm-triangle-2753
2754	gm-triangle-2754
2755	gm-triangle-2755
2756	gm-triangle-2756
2757	gm-triangle-2757
2758	gm-triangle-2758
2759	gm-triangle-2759
2760	gm-triangle-2760
2761	gm-triangle-2761
2762	gm-triangle-2762
2763	gm-triangle-2763
2764	gm-triangle-2764
2765	gm-triangle-2765
2766	gm-triangle-2766
2767	gm-triangle-2767
2768	gm-triangle-2768
2769	gm-triangle-2769
2770	gm-triangle-2770
2771	gm-triangle-2771
2772	gm-triangle-2772
2773	gm-triangle-2773
2774	gm-triangle-2774
2775	gm-triangle-2775
2776	gm-triangle-2776
2777	gm-triangle-2777
2778	gm-triangle-2778
2779	gm-triangle-2779
2780	gm-triangle-2780
2781	gm-triangle-2781
2782	gm-triangle-2782
2783	gm-triangle-2783
2784	gm-triangle-2784
2785	gm-triangle-2785
2786	gm-triangle-2786
2787	gm-triangle-2787
2788	gm-triangle-2788
2789	gm-triangle-2789
2790	gm-triangle-2790
2791	gm-triangle-2791
2792	gm-triangle-2792
2793	gm-triangle-2793
2794	gm-triangle-2794
2795	gm-triangle-2795
2796	gm-triangle-2796
2797	gm-triangle-2797
2798	gm-triangle-2798
2799	gm-triangle-2799
2800	gm-triangle-2800
2801	gm-triangle-2801
2802	gm-triangle-2802
2803	gm-triangle-2803
2804	gm-triangle-2804
2805	gm-triangle-2805
2806	gm-triangle-2806
2807	gm-triangle-2807
2808	gm-triangle-2808
2809	gm-triangle-2809
2810	gm-triangle-2810
2811	gm-triangle-2811
2812	gm-triangle-2812
2813	gm-triangle-2813
2814	gm-triangle-2814
2815	gm-triangle-2815
2816	gm-triangle-2816
2817	gm-triangle-2817
2818	gm-triangle-2818
2819	gm-triangle-2819
2820	gm-triangle-2820
2821	gm-triangle-2821
2822	gm-triangle-2822
2823	gm-triangle-2823
2824	gm-triangle-2824
2825	gm-triangle-2825
2826	gm-triangle-2826
2827	gm-triangle-2827
2828	gm-triangle-2828
2829	gm-triangle-2829
2830	gm-triangle-2830
2831	gm-triangle-2831
2832	gm-triangle-2832
2833	gm-triangle-2833
2834	gm-triangle-2834
2835	gm-triangle-2835
2836	gm-triangle-2836
2837	gm-triangle-2837
2838	gm-triangle-2838
2839	gm-triangle-2839
2840	gm-triangle-2840
2841	gm-triangle-2841
2842	gm-triangle-2842
2843	gm-triangle-2843
2844	gm-triangle-2844
2845	gm-triangle-2845
2846	gm-triangle-2846
2847	gm-triangle-2847
2848	gm-triangle-2848
2849	gm-triangle-2849
2850	gm-triangle-2850
2851	gm-triangle-2851
2852	gm-triangle-2852
2853	gm-triangle-2853
2854	gm-triangle-2854
2855	gm-triangle-2855
2856	gm-triangle-2856
2857	gm-triangle-2857
2858	gm-triangle-2858
2859	gm-triangle-2859
2860	gm-triangle-2860
2861	gm-triangle-2861
2862	gm-triangle-2862
2863	gm-triangle-2863
2864	gm-triangle-2864
2865	gm-triangle-2865
2866	gm-triangle-2866
2867	gm-triangle-2867
2868	gm-triangle-2868
2869	gm-triangle-2869
2870	gm-triangle-2870
2871	gm-triangle-2871
2872	gm-triangle-2872
2873	gm-triangle-2873
2874	gm-triangle-2874
2875	gm-triangle-2875
2876	gm-triangle-2876
2877	gm-triangle-2877
2878	gm-triangle-2878
2879	gm-triangle-2879
2880	gm-triangle-2880
2881	gm-triangle-2881
2882	gm-triangle-2882
2883	gm-triangle-2883
2884	gm-triangle-2884
2885	gm-triangle-2885
2886	gm-triangle-2886
2887	gm-triangle-2887
2888	gm-triangle-2888
2889	gm-triangle-2889
2890	gm-triangle-2890
2891	gm-triangle-2891
2892	gm-triangle-2892
2893	gm-triangle-2893
2894	gm-triangle-2894
2895	gm-triangle-2895
2896	gm-triangle-2896
2897	gm-triangle-2897
2898	gm-triangle-2898
2899	gm-triangle-2899
2900	gm-triangle-2900
2901	gm-triangle-2901
2902	gm-triangle-2902
2903	gm-triangle-2903
2904	gm-triangle-2904
2905	gm-triangle-2905
2906	gm-triangle-2906
2907	gm-triangle-2907
2908	gm-triangle-2908
2909	gm-triangle-2909
2910	gm-triangle-2910
2911	gm-triangle-2911
2912	gm-triangle-2912
2913	gm-triangle-2913
2914	gm-triangle-2914
2915	gm-triangle-2915
2916	gm-triangle-2916
2917	gm-triangle-2917
2918	gm-triangle-2918
2919	gm-triangle-2919
2920	gm-triangle-2920
2921	gm-triangle-2921
2922	gm-triangle-2922
2923	gm-triangle-2923
2924	gm-triangle-2924
2925	gm-triangle-2925
2926	gm-triangle-2926
2927	gm-triangle-2927
2928	gm-triangle-2928
2929	gm-triangle-2929
2930	gm-triangle-2930
2931	gm-triangle-2931
2932	gm-triangle-2932
2933	gm-triangle-2933
2934	gm-triangle-2934
2935	gm-triangle-2935
2936	gm-triangle-2936
2937	gm-triangle-2937
2938	gm-triangle-2938
2939	gm-triangle-2939
2940	gm-triangle-2940
2941	gm-triangle-2941
2942	gm-triangle-2942
2943	gm-triangle-2943
2944	gm-triangle-2944
2945	gm-triangle-2945
2946	gm-triangle-2946
2947	gm-triangle-2947
2948	gm-triangle-2948
2949	gm-triangle-2949
2950	gm-triangle-2950
2951	gm-triangle-2951
2952	gm-triangle-2952
2953	gm-triangle-2953
2954	gm-triangle-2954
2955	gm-triangle-2955
2956	gm-triangle-2956
2957	gm-triangle-2957
2958	gm-triangle-2958
2959	gm-triangle-2959
2960	gm-triangle-2960
2961	gm-triangle-2961
2962	gm-triangle-2962
2963	gm-triangle-2963
2964	gm-triangle-2964
2965	gm-triangle-2965
2966	gm-triangle-2966
2967	gm-triangle-2967
2968	gm-triangle-2968
2969	gm-triangle-2969
2970	gm-triangle-2970
2971	gm-triangle-2971
2972	gm-triangle-2972
2973	gm-triangle-2973
2974	gm-triangle-2974
2975	gm-triangle-2975
2976	gm-triangle-2976
2977	gm-triangle-2977
2978	gm-triangle-2978
2979	gm-triangle-2979
2980	gm-triangle-2980
2981	gm-triangle-2981
2982	gm-triangle-2982
2983	gm-triangle-2983
2984	gm-triangle-2984
2985	gm-triangle-2985
2986	gm-triangle-2986
2987	gm-triangle-2987
2988	gm-triangle-2988
2989	gm-triangle-2989
2990	gm-triangle-2990
2991	gm-triangle-2991
2992	gm-triangle-2992
2993	gm-triangle-2993
2994	gm-triangle-2994
2995	gm-triangle-2995
2996	gm-triangle-2996
2997	gm-triangle-2997
2998	gm-triangle-2998
2999	gm-triangle-2999
3000	gm-triangle-3000
3001	gm-triangle-3001
3002	gm-triangle-3002
3003	gm-triangle-3003
3004	gm-triangle-3004
3005	gm-triangle-3005
3006	gm-triangle-3006
3007	gm-triangle-3007
3008	gm-triangle-3008
3009	gm-triangle-3009
3010	gm-triangle-3010
3011	gm-triangle-3011
3012	gm-triangle-3012
3013	gm-triangle-3013
3014	gm-triangle-3014
3015	gm-triangle-3015
3016	gm-triangle-3016
3017	gm-triangle-3017
3018	gm-triangle-3018
3019	gm-triangle-3019
3020	gm-triangle-3020
3021	gm-triangle-3021
3022	gm-triangle-3022
3023	gm-triangle-3023
3024	gm-triangle-3024
3025	gm-triangle-3025
3026	gm-triangle-3026
3027	gm-triangle-3027
3028	gm-triangle-3028
3029	gm-triangle-3029
3030	gm-triangle-3030
3031	gm-triangle-3031
3032	gm-triangle-3032
3033	gm-triangle-3033
3034	gm-triangle-3034
3035	gm-triangle-3035
3036	gm-triangle-3036
3037	gm-triangle-3037
3038	gm-triangle-3038
3039	gm-triangle-3039
3040	gm-triangle-3040
3041	gm-triangle-3041
3042	gm-triangle-3042
3043	gm-triangle-3043
3044	gm-triangle-3044
3045	gm-triangle-3045
3046	gm-triangle-3046
3047	gm-triangle-3047
3048	gm-triangle-3048
3049	gm-triangle-3049
3050	gm-triangle-3050
3051	gm-triangle-3051
3052	gm-triangle-3052
3053	gm-triangle-3053
3054	gm-triangle-3054
3055	gm-triangle-3055
3056	gm-triangle-3056
3057	gm-triangle-3057
3058	gm-triangle-3058
3059	gm-triangle-3059
3060	gm-triangle-3060
3061	gm-triangle-3061
3062	gm-triangle-3062
3063	gm-triangle-3063
3064	gm-triangle-3064
3065	gm-triangle-3065
3066	gm-triangle-3066
3067	gm-triangle-3067
3068	gm-triangle-3068
3069	gm-triangle-3069
3070	gm-triangle-3070
3071	gm-triangle-3071
3072	gm-triangle-3072
3073	gm-triangle-3073
3074	gm-triangle-3074
3075	gm-triangle-3075
3076	gm-triangle-3076
3077	gm-triangle-3077
3078	gm-triangle-3078
3079	gm-triangle-3079
3080	gm-triangle-3080
3081	gm-triangle-3081
3082	gm-triangle-3082
3083	gm-triangle-3083
3084	gm-triangle-3084
3085	gm-triangle-3085
3086	gm-triangle-3086
3087	gm-triangle-3087
3088	gm-triangle-3088
3089	gm-triangle-3089
3090	gm-triangle-3090
3091	gm-triangle-3091
3092	gm-triangle-3092
3093	gm-triangle-3093
3094	gm-triangle-3094
3095	gm-triangle-3095
3096	gm-triangle-3096
3097	gm-triangle-3097
3098	gm-triangle-3098
3099	gm-triangle-3099
3100	gm-triangle-3100
3101	gm-triangle-3101
3102	gm-triangle-3102
3103	gm-triangle-3103
3104	gm-triangle-3104
3105	gm-triangle-3105
3106	gm-triangle-3106
3107	gm-triangle-3107
3108	gm-triangle-3108
3109	gm-triangle-3109
3110	gm-triangle-3110
3111	gm-triangle-3111
3112	gm-triangle-3112
3113	gm-triangle-3113
3114	gm-triangle-3114
3115	gm-triangle-3115
3116	gm-triangle-3116
3117	gm-triangle-3117
3118	gm-triangle-3118
3119	gm-triangle-3119
3120	gm-triangle-3120
3121	gm-triangle-3121
3122	gm-triangle-3122
3123	gm-triangle-3123
3124	gm-triangle-3124
3125	gm-triangle-3125
3126	gm-triangle-3126
3127	gm-triangle-3127
3128	gm-triangle-3128
3129	gm-triangle-3129
3130	gm-triangle-3130
3131	gm-triangle-3131
3132	gm-triangle-3132
3133	gm-triangle-3133
3134	gm-triangle-3134
3135	gm-triangle-3135
3136	gm-triangle-3136
3137	gm-triangle-3137
3138	gm-triangle-3138
3139	gm-triangle-3139
3140	gm-triangle-3140
3141	gm-triangle-3141
3142	gm-triangle-3142
3143	gm-triangle-3143
3144	gm-triangle-3144
3145	gm-triangle-3145
3146	gm-triangle-3146
3147	gm-triangle-3147
3148	gm-triangle-3148
3149	gm-triangle-3149
3150	gm-triangle-3150
3151	gm-triangle-3151
3152	gm-triangle-3152
3153	gm-triangle-3153
3154	gm-triangle-3154
3155	gm-triangle-3155
3156	gm-triangle-3156
3157	gm-triangle-3157
3158	gm-triangle-3158
3159	gm-triangle-3159
